{
  "count": 6819.0,
  "mean_s": 0.10199163228924593,
  "min_s": 0.07773852348327637,
  "p50_s": 0.08675861358642578,
  "p90_s": 0.16026782989501953,
  "p99_s": 0.16092157363891602,
  "max_s": 0.16204118728637695
}