{
  "count": 3359.0,
  "mean_s": 0.016101086058053063,
  "min_s": 0.0018324851989746094,
  "p50_s": 0.016411781311035156,
  "p90_s": 0.028226375579833984,
  "p99_s": 0.03246450424194336,
  "max_s": 0.03281831741333008
}